{"cameraMode":{"drawMode":0,"name":"Shaded","section":"Shading Mode"},"sceneLighting":true,"audioPlay":false,"sceneViewState":{"m_AlwaysRefresh":false,"showFog":true,"showSkybox":true,"showFlares":true,"showImageEffects":true,"showParticleSystems":true,"showVisualEffectGraphs":true,"m_FxEnabled":true},"in2DMode":false,"pivot":{"x":7.807821273803711,"y":11.5301513671875,"z":-2.5203781127929689},"rotation":{"x":-0.07357973605394364,"y":0.06636717170476914,"z":-0.004907746333628893,"w":-0.9950704574584961},"size":49.633323669433597,"orthographic":false}