{"cameraMode":{"drawMode":0,"name":"Shaded","section":"Shading Mode"},"sceneLighting":true,"audioPlay":false,"sceneViewState":{"m_AlwaysRefresh":false,"showFog":true,"showSkybox":true,"showFlares":true,"showImageEffects":true,"showParticleSystems":true,"showVisualEffectGraphs":true,"m_FxEnabled":true},"in2DMode":false,"pivot":{"x":1.012559413909912,"y":1.0562537908554078,"z":-7.706280708312988},"rotation":{"x":-0.030406808480620385,"y":0.6945051550865173,"z":-0.02940193936228752,"w":-0.7182430028915405},"size":1.0912965536117554,"orthographic":false}